{
    "domenica": [],
    "gioved\u00ec": [
        "Lingua e Lettere Italiane",
        "Lingua straniera Inglese",
        "Matematica",
        "Informatica",
        "Informatica"
    ],
    "luned\u00ec": [
        "Informatica",
        "Lingua e Lettere Italiane",
        "Lingua e Lettere Italiane",
        "Lingua straniera Inglese",
        "Sistemi e reti"
    ],
    "marted\u00ec": [
        "Storia, Cittadinanza e Costituzione",
        "Tecnologie e progettazione sistemi informatici e telecom.",
        "Tecnologie e progettazione sistemi informatici e telecom.",
        "Telecomunicazioni",
        "Telecomunicazioni",
        "Informatica",
        "Informatica"
    ],
    "mercoled\u00ec": [
        "Scienze motorie e sportive",
        "Scienze motorie e sportive",
        "Matematica",
        "Telecomunicazioni",
        "Lingua e Lettere Italiane"
    ],
    "orari": [
        [
            "8-15",
            "9-08"
        ],
        [
            "9-08",
            "10-05"
        ],
        [
            "10-05",
            "11-00"
        ],
        [
            "11-15",
            "12-08"
        ],
        [
            "12-08",
            "13-05"
        ],
        [
            "14-00",
            "14-55"
        ],
        [
            "14-55",
            "15-50"
        ]
    ],
    "sabato": [
        "Sistemi e reti",
        "Matematica",
        "Lingua straniera Inglese",
        "Religione",
        "Tecnologie e progettazione sistemi informatici e telecom."
    ],
    "venerd\u00ec": [
        "Sistemi e reti",
        "Sistemi e reti",
        "Informatica",
        "Matematica",
        "Storia, Cittadinanza e Costituzione",
        "",
        ""
    ]
}