{"access_token": "ya29.Gl1EBv1-VevYSDWy0-oA1QvsPqnJ_zfggj4nbLNNKYZqjax_hN5M-EpRr3U9hSa0sCqyF7j9Hl7TUNeITrL60uKA2dMRtO77cJix0xiUOsv0vtAfeCb3kwcW-EESmIw", "client_id": "515670434339-ikvto591100mpik5k1420rrhra0pn3je.apps.googleusercontent.com", "client_secret": "BeA1RVIQwecYHy1lMRH3jBJw", "refresh_token": "1/55iMvjFv6c7CK_0D8BEMfOic6YBP55Mprb75oVKOpbC0qcI04-_JPAumDQR9YWAG", "token_expiry": "2018-10-28T09:41:31Z", "token_uri": "https://www.googleapis.com/oauth2/v3/token", "user_agent": null, "revoke_uri": "https://accounts.google.com/o/oauth2/revoke", "id_token": null, "id_token_jwt": null, "token_response": {"access_token": "ya29.Gl1EBv1-VevYSDWy0-oA1QvsPqnJ_zfggj4nbLNNKYZqjax_hN5M-EpRr3U9hSa0sCqyF7j9Hl7TUNeITrL60uKA2dMRtO77cJix0xiUOsv0vtAfeCb3kwcW-EESmIw", "expires_in": 3600, "scope": "https://www.googleapis.com/auth/calendar", "token_type": "Bearer"}, "scopes": ["https://www.googleapis.com/auth/calendar"], "token_info_uri": "https://www.googleapis.com/oauth2/v3/tokeninfo", "invalid": false, "_class": "OAuth2Credentials", "_module": "oauth2client.client"}