{"access_token": "ya29.Glz1BYTjWv4ilxhjgarC33niKXhKyxkupAAJqhA2usBSSx5CoHadGRdlNsbw7aVy4zqgg2n-craDBWTxt0tBliUh3Fz_m2CPmI07bcISqjEYwoZFgHnwlr-lxbi6pw", "client_id": "515670434339-c0kjcnavrbaa1parjksqphof0cfulusr.apps.googleusercontent.com", "client_secret": "rOnHuEqjjwq542CzdTVf5X5M", "refresh_token": "1/SfoGjvv1oKH3ZgrUt1C2XeXwigoYufzltqluBcshwF0", "token_expiry": "2018-08-10T10:01:49Z", "token_uri": "https://www.googleapis.com/oauth2/v3/token", "user_agent": null, "revoke_uri": "https://accounts.google.com/o/oauth2/revoke", "id_token": null, "id_token_jwt": null, "token_response": {"access_token": "ya29.Glz1BYTjWv4ilxhjgarC33niKXhKyxkupAAJqhA2usBSSx5CoHadGRdlNsbw7aVy4zqgg2n-craDBWTxt0tBliUh3Fz_m2CPmI07bcISqjEYwoZFgHnwlr-lxbi6pw", "expires_in": 3600, "scope": "https://www.googleapis.com/auth/calendar.readonly", "token_type": "Bearer"}, "scopes": ["https://www.googleapis.com/auth/calendar.readonly"], "token_info_uri": "https://www.googleapis.com/oauth2/v3/tokeninfo", "invalid": false, "_class": "OAuth2Credentials", "_module": "oauth2client.client"}